site_name,easting,northing,catchment
GW 1007,1612105,5427627,Waimea
GW 1012,1608418,5423699,Waimea
GW 1014,1611979,5424362,Waimea
GW 1022 - King,1613226,5424742,Waimea
GW 1040 - Redwood,1610520,5426620,Waimea
GW 1041,1612715,5425478,Waimea
GW 1046,1610009,5428815,Waimea
GW 1047,1610169,5428967,Waimea
GW 1048,1610380,5428871,Waimea
GW 105 - Rail Reserve,1609864,5419844,Waimea
GW 1050,1612429,5427427,Waimea
GW 1054,1612106,5428161,Waimea
GW 1057,1611749,5423508,Waimea
GW 1061,1610270,5420651,Waimea
GW 1062,1613571,5425736,Waimea
GW 1069 - McCliskie,1610406,5427527,Waimea
GW 108,1610383,5418136,Waimea
GW 1085,1611445,5424437,Waimea
GW 1093,1610552,5419548,Waimea
GW 1094,1611307,5425504,Waimea
GW 1102,1613724,5425173,Waimea
GW 1103,1613987,5424704,Waimea
GW 1127 - Simpson,1607870,5420324,Waimea
GW 1128 - McKenzie,1607222,5419681,Waimea
GW 1129 - Ferguson,1606681,5419264,Waimea
GW 1138,1611409,5427547,Waimea
GW 114 - TDC Roadside,1610324,5419792,Waimea
GW 1148,1600744,5447021,Motueka
GW 115,1612097,5421885,Waimea
GW 1161 - King,1612168,5425198,Waimea
GW 1164,1612061,5425361,Waimea
GW 1166,1612813,5426082,Waimea
GW 1179,1611338,5423933,Waimea
GW 1185,1612033,5421113,Waimea
GW 119 - Chipmill,1614221,5425528,Waimea
GW 1206,1613644,5425499,Waimea
GW 1210,1610528,5417920,Waimea
GW 127,1610671,5423814,Waimea
GW 134,1610796,5420823,Waimea
GW 1369,1612670,5427202,Waimea
GW 137,1612963,5423937,Waimea
GW 1370,1612015,5426931,Waimea
GW 1375,1609641,5422072,Waimea
GW 1381,1612929,5425903,Waimea
GW 1386,1608482,5424678,Waimea
GW 1387,1611922,5427508,Waimea
GW 1392 - Spring Grove,1605907,5417667,Waimea
GW 14 - Bells Island,1615029,5428138,Waimea
GW 1415,1612840,5426365,Waimea
GW 151,1612327,5420178,Waimea
GW 152,1611492,5419572,Waimea
GW 153,1611113,5419518,Waimea
GW 159,1612418,5419901,Waimea
GW 16 - Johnstone,1612672,5422396,Waimea
GW 163,1611537,5424174,Waimea
GW 164,1611479,5419717,Waimea
GW 17,1612285,5423332,Waimea
GW 175,1612206,5424844,Waimea
GW 176,1611812,5422683,Waimea
GW 182,1612712,5420605,Waimea
GW 189,1611396,5421197,Waimea
GW 190,1612089,5422900,Waimea
GW 194,1613604,5423669,Waimea
GW 196,1613543,5423643,Waimea
GW 197,1612648,5424813,Waimea
GW 198,1612579,5424956,Waimea
GW 20,1612563,5424184,Waimea
GW 2000,1599724,5450860,Motueka
GW 2001,1597908,5450290,Motueka
GW 2002,1598234,5447533,Motueka
GW 2011,1598274,5450330,Motueka
GW 2013,1597865,5451040,Motueka
GW 2022,1599931,5446738,Motueka
GW 2030,1599963,5447345,Motueka
GW 2044,1599814,5449191,Motueka
GW 2056,1599231,5445681,Motueka
GW 2063,1600404,5448111,Motueka
GW 20634,1599706,5448751,Motueka
GW 2065,1600665,5452822,Motueka
GW 2066,1600290,5447665,Motueka
GW 2075,1598644,5447991,Motueka
GW 20797,1601028,5449454,Motueka
GW 208,1612672,5422396,Waimea
GW 20864 - Golf Course,1602215,5448592,Motueka
GW 2087,1600913,5446492,Motueka
GW 2104,1600713,5450090,Motueka
GW 2115,1599354,5449421,Motueka
GW 21186,1599714,5450966,Motueka
GW 2119,1600051,5447305,Motueka
GW 21224,1601053,5448541,Motueka
GW 2136,1599648,5448973,Motueka
GW 214,1612453,5423159,Waimea
GW 2140,1599495,5447625,Motueka
GW 2145,1602007,5447386,Motueka
GW 2153,1599665,5446423,Motueka
GW 2179 - Nurs Nth,1599953,5449644,Motueka
GW 2186,1601567,5449150,Motueka
GW 219,1611416,5424292,Waimea
GW 22160 - Lwr Queen St,1611825,5427949,Waimea
GW 225,1610754,5421464,Waimea
GW 228,1611342,5419030,Waimea
GW 23366 - Challies 1,1609990,5424246,Waimea
GW 23367 - Challies 2,1609856,5424684,Waimea
GW 23391,1599633,5442511,Moutere
GW 23393,1602629,5433407,Moutere
GW 234,1612200,5420362,Waimea
GW 23416,1601250,5430748,Moutere
GW 23420,1607375,5430352,Moutere
GW 23437,1578118,5406774,Motueka
GW 23438,1583647,5421732,Motueka
GW 23442,1608450,5432655,Moutere
GW 23443,1608502,5432735,Moutere
GW 23445,1608466,5432689,Moutere
GW 23446,1608437,5432676,Moutere
GW 23447,1608398,5432676,Moutere
GW 23448,1608293,5432638,Moutere
GW 23449,1608250,5432639,Moutere
GW 23450,1608193,5432639,Moutere
GW 23452,1608145,5432640,Moutere
GW 23455,1608186,5432678,Moutere
GW 23456,1608333,5432784,Moutere
GW 23473,1584414,5419145,Motueka
GW 23476,1606840,5435711,Moutere
GW 23477,1604071,5442046,Moutere
GW 23480,1610814,5423085,Waimea
GW 23489,1604215,5442047,Moutere
GW 23496,1577334,5414541,Motueka
GW 23508,1576903,5417259,Motueka
GW 23510,1584847,5419335,Motueka
GW 23518 - Richardson,1606405,5419063,Waimea
GW 23543 - TDC Prod 1,1606451,5419004,Waimea
GW 23571,1573022,5496889,Aorere
GW 23575,1610453,5422317,Waimea
GW 23577,1609694,5426681,Waimea
GW 23578,1595933,5441283,Moutere
GW 23579 - Eden,1611015,5422212,Waimea
GW 23585,1598613,5448711,Motueka
GW 23586,1573503,5505562,Aorere
GW 23587,1608359,5432676,Moutere
GW 23588,1608354,5432760,Moutere
GW 23589,1608433,5432704,Moutere
GW 23590,1608437,5432740,Moutere
GW 23591,1608320,5432736,Moutere
GW 23592,1608259,5432738,Moutere
GW 23593,1608238,5432665,Moutere
GW 23594,1608248,5432665,Moutere
GW 23595,1608266,5432848,Moutere
GW 23596,1608331,5432637,Moutere
GW 23597,1608287,5432694,Moutere
GW 23598,1608396,5432732,Moutere
GW 23599,1608486,5432702,Moutere
GW 23600,1601298,5428066,Moutere
GW 23604 - Bensemann,1601735,5447713,Motueka
GW 23616,1599450,5447292,Motueka
GW 23618,1608489,5432687,<Null>
GW 23625,1600125,5445957,Motueka
GW 23627,1597969,5448030,Motueka
GW 23630,1607887,5422204,Waimea
GW 23636,1600880,5449110,Motueka
GW 23637,1606159,5433804,Moutere
GW 23647 - Fire Pumped,1583791,5476660,Takaka
GW 23648 - Takaka Fire 2,1583769,5476632,Takaka
GW 23658 - TDC Prod 1 Murchison,1543548,5371895,Buller
GW 23659 - TDC Prod 2 - Murchison,1543548,5371906,Buller
GW 23661,1583093,5478039,Takaka
GW 23662,1583215,5478159,Takaka
GW 23663 - Drummond Rd,1598294,5439660,Moutere
GW 23693 - TDC Prod 3,1608923,5428043,Waimea
GW 23701,1599984,5446567,Motueka
GW 23709,1599482,5443623,Moutere
GW 23710,1599480,5443613,Moutere
GW 23711,1599496,5443616,Moutere
GW 23720 - Chubbs,1582021,5470468,Takaka
GW 23733,1583468,5473082,Takaka
GW 23736,1600789,5447060,Motueka
GW 23739,1599576,5448419,Motueka
GW 23740,1609574,5421114,Waimea
GW 23741,1588177,5404903,Motueka
GW 23742,1606739,5422879,Waimea
GW 23743,1607204,5422786,Waimea
GW 23744,1607576,5422847,Waimea
GW 23745,1607599,5422767,Waimea
GW 23746,1607541,5422662,Waimea
GW 23749 - Jones Pumpshed,1585649,5479475,Takaka
GW 23752,1600687,5449205,Motueka
GW 23759 - Collingwood,1569844,5497860,Aorere
GW 23765,1598916,5440577,Moutere
GW 23766,1601951,5449048,Motueka
GW 23767,1583809,5473094,Takaka
GW 23769,1602293,5448287,Motueka
GW 23770,1599163,5453447,Riwaka
GW 23771,1599175,5453475,Riwaka
GW 23772,1599193,5453471,Riwaka
GW 23773,1599203,5453469,Riwaka
GW 23775,1598427,5447494,Motueka
GW 23778,1600806,5448115,Motueka
GW 23779,1601790,5445938,Motueka
GW 23780,1601797,5445943,Motueka
GW 23781,1601789,5445920,Motueka
GW 23786 - Tangmere,1585535,5479930,Takaka
GW 23789,1600816,5447550,Motueka
GW 23790,1599974,5452823,Motueka
GW 23793,1601738,5451541,Motueka
GW 23795,1601739,5451547,Motueka
GW 23796,1601737,5451531,Motueka
GW 23797,1601740,5451561,Motueka
GW 23798,1601850,5451565,Motueka
GW 23800,1601732,5451467,Motueka
GW 23802 - TDC Bore 6,1611600,5427671,Waimea
GW 23803,1601756,5448045,Motueka
GW 23805,1611834,5426644,Waimea
GW 23806 - Tapawera,1585170,5417375,Motueka
GW 23807,1601253,5447526,Motueka
GW 23809,1602396,5448877,Motueka
GW 23817,1599642,5447185,Motueka
GW 23848,1612862,5425749,Waimea
GW 23849,1599562,5448282,Motueka
GW 23852,1609737,5420826,Waimea
GW 23853,1610120,5421426,Waimea
GW 23855,1600129,5449327,Motueka
GW 23856,1598258,5450592,Motueka
GW 23857,1599567,5462243,Marahau
GW 23858,1599605,5462191,Marahau
GW 23859,1599813,5462147,Marahau
GW 23860,1599867,5462106,Marahau
GW 23863,1611037,5426396,Waimea
GW 23865,1608438,5433847,Moutere
GW 23866,1601527,5449092,Motueka
GW 23867,1609935,5420534,Waimea
GW 23868,1608808,5421578,Waimea
GW 23870,1600297,5444767,Moutere
GW 23871,1600299,5444756,Moutere
GW 23878,1607941,5421646,Waimea
GW 23889,1597092,5411293,Waimea
GW 23890,1600157,5451184,Motueka
GW 23891,1604477,5429903,Moutere
GW 23895,1574732,5490647,Takaka
GW 23896,1574601,5490717,Takaka
GW 23897,1574683,5490836,Takaka
GW 23898,1574762,5490873,<Null>
GW 23899,1574624,5490655,Takaka
GW 239,1611345,5418978,Waimea
GW 23901,1604595,5425652,Waimea
GW 23903,1606356,5435727,Moutere
GW 23904,1600723,5446479,Motueka
GW 23906,1590696,5440365,Motueka
GW 23907,1588353,5439763,Motueka
GW 23910,1600269,5444750,Moutere
GW 23912,1600375,5451401,Motueka
GW 23917,1583335,5478296,Takaka
GW 23918,1583416,5478344,Takaka
GW 23919,1583252,5477739,Takaka
GW 23921,1561938,5487130,Aorere
GW 23922,1603772,5440022,Moutere
GW 23923,1603795,5440026,Moutere
GW 23925,1603801,5439994,Moutere
GW 23927,1603809,5439977,Moutere
GW 23929,1583559,5477995,Takaka
GW 23930,1598431,5449360,Motueka
GW 23934,1607376,5433379,Moutere
GW 23936,1606667,5433686,Moutere
GW 23938,1599097,5448032,Motueka
GW 23939,1600025,5461817,Marahau
GW 23943,1606689,5431809,Moutere
GW 23949,1599588,5447139,Motueka
GW 23950 - Rototai2,1585923,5479511,Takaka
GW 23953 - Redwood Rd,1610405,5429206,Waimea
GW 23955,1608848,5423631,Waimea
GW 23959,1601744,5447552,Motueka
GW 23960,1600338,5448938,Motueka
GW 23966,1594221,5404350,Waimea
GW 23968,1601193,5447953,Motueka
GW 23969,1611188,5425553,Waimea
GW 23983,1603368,5429266,Moutere
GW 23988,1600324,5460991,Marahau
GW 23995,1600864,5449368,Motueka
GW 23997,1603405,5416232,Waimea
GW 23998,1597983,5411753,Waimea
GW 24,1613404,5423497,Waimea
GW 24002,1601948,5449145,Motueka
GW 24003,1601273,5448653,Motueka
GW 24008,1599578,5451240,Motueka
GW 24009,1601267,5448628,Motueka
GW 24010 - Frys,1584264,5409860,Motueka
GW 24014,1599871,5446572,Motueka
GW 24018,1614770,5423903,Waimea
GW 24021,1599644,5448224,Motueka
GW 24028,1600416,5460916,Marahau
GW 24034 - Fulton Hogan Quarry,1583063,5468471,Takaka
GW 24035 - Mapua,1607997,5433420,Moutere
GW 24036,1601963,5448885,Motueka
GW 24038,1600580,5460912,Marahau
GW 24039,1582331,5424466,Motueka
GW 24040 - OConnor,1608943,5428077,Waimea
GW 24046,1600824,5449326,Motueka
GW 24057,1582005,5394919,Motueka
GW 24061,1597520,5431955,Moutere
GW 24062,1603733,5433807,Moutere
GW 24064,1599253,5440075,Moutere
GW 24067,1602180,5434052,Moutere
GW 24069,1600721,5446562,Motueka
GW 24095,1587268,5372401,Buller
GW 24101,1590875,5440460,Motueka
GW 24118,1587283,5372303,Buller
GW 24121,1600223,5447331,Motueka
GW 24122,1609174,5425167,Waimea
GW 24124,1598989,5453349,Motueka
GW 24128,1601688,5447523,Motueka
GW 24136,1614271,5424434,Waimea
GW 24137,1614189,5424366,Waimea
GW 24142,1603506,5432566,Moutere
GW 24143,1601896,5448009,Motueka
GW 24183,1599258,5446461,Motueka
GW 24184,1599868,5449320,Motueka
GW 24185,1564610,5492736,Aorere
GW 24205,1601265,5448502,Motueka
GW 24206,1601871,5448961,Motueka
GW 24207,1601341,5448872,Motueka
GW 24208,1601036,5448962,Motueka
GW 24209,1600310,5448816,Motueka
GW 24210,1599724,5446622,Motueka
GW 24211,1600983,5449482,Motueka
GW 24212,1600976,5448974,Motueka
GW 24213,1600977,5448747,Motueka
GW 24214,1600859,5448722,Motueka
GW 24215,1600890,5446974,Motueka
GW 24216,1600770,5446609,Motueka
GW 24217,1600423,5451704,Motueka
GW 24218,1600362,5451480,Motueka
GW 24219,1600387,5452454,Motueka
GW 24220,1601481,5449300,Motueka
GW 24221,1601035,5447465,Motueka
GW 24222,1599767,5448787,Motueka
GW 24223,1598955,5448757,Motueka
GW 24224,1600240,5449228,Motueka
GW 24225,1599540,5448742,Motueka
GW 24226,1600326,5452812,Motueka
GW 24227,1600745,5448752,Motueka
GW 24228,1600352,5448355,Motueka
GW 24229,1597484,5448468,Motueka
GW 24230,1601066,5448288,Motueka
GW 24231,1600509,5448977,Motueka
GW 24232,1600526,5448992,Motueka
GW 24233,1601981,5449105,Motueka
GW 24234,1599454,5447450,Motueka
GW 24235,1601032,5448986,Motueka
GW 24236,1601321,5448978,Motueka
GW 24237,1600285,5448186,Motueka
GW 24238,1600991,5449244,Motueka
GW 24239,1600885,5449097,Motueka
GW 24240,1601015,5449108,Motueka
GW 24241,1601017,5449090,Motueka
GW 24242,1600902,5448987,Motueka
GW 24243,1600901,5448959,Motueka
GW 24244,1600896,5448898,Motueka
GW 24245,1600959,5448851,Motueka
GW 24246,1600973,5448577,Motueka
GW 24247,1600808,5447773,Motueka
GW 24248,1600947,5447228,Motueka
GW 24249,1600799,5447245,Motueka
GW 24250,1600913,5446889,Motueka
GW 24251,1601602,5448847,Motueka
GW 24252,1600414,5449319,Motueka
GW 24253,1601809,5448884,Motueka
GW 24254,1597663,5448873,Motueka
GW 24255,1597792,5451385,Motueka
GW 24256,1599757,5451237,Motueka
GW 24257,1601545,5448754,Motueka
GW 24258,1600659,5448817,Motueka
GW 24259,1600301,5449297,Motueka
GW 24260,1600387,5448981,Motueka
GW 24261,1601653,5449197,Motueka
GW 24262,1600096,5449233,Motueka
GW 24263,1600829,5447287,Motueka
GW 24264,1600483,5449001,Motueka
GW 24265,1599410,5447365,Motueka
GW 24266,1600699,5448909,Motueka
GW 24267,1600556,5449314,Motueka
GW 24268,1601170,5448856,Motueka
GW 24269,1601237,5448780,Motueka
GW 24270,1600935,5447328,Motueka
GW 24271,1601445,5449075,Motueka
GW 24272,1601378,5449227,Motueka
GW 24273,1601127,5448567,Motueka
GW 24274,1600198,5447428,Motueka
GW 24275,1598652,5447405,Motueka
GW 24277,1599327,5447522,Motueka
GW 24282,1601033,5449695,Motueka
GW 24283,1601697,5449088,Motueka
GW 24284,1600459,5445970,Motueka
GW 24285,1600460,5445945,Motueka
GW 24286,1600428,5445857,Motueka
GW 24287,1600236,5445797,Motueka
GW 24288,1600176,5445800,Motueka
GW 24289,1600073,5445853,Motueka
GW 24290,1600410,5451172,Motueka
GW 24291,1600415,5451354,Motueka
GW 24292,1600380,5452222,Motueka
GW 24293,1599770,5451496,Motueka
GW 24294,1599716,5452025,Motueka
GW 24295,1601212,5448556,Motueka
GW 24296,1600250,5449425,Motueka
GW 24297,1601132,5448563,Motueka
GW 24298,1600599,5448977,Motueka
GW 24299,1600305,5449434,Motueka
GW 243,1613733,5423441,Waimea
GW 24300,1600413,5449426,Motueka
GW 24301,1601458,5448774,Motueka
GW 24302,1601094,5449651,Motueka
GW 24303,1601114,5449754,Motueka
GW 24304,1601023,5449757,Motueka
GW 24305,1601043,5449809,Motueka
GW 24306,1597393,5449225,Motueka
GW 24307,1600932,5449729,Motueka
GW 24308,1601369,5448579,Motueka
GW 24309,1600871,5448200,Motueka
GW 24310,1600936,5449793,Motueka
GW 24311,1600525,5445890,Motueka
GW 24312,1601335,5449114,Motueka
GW 24313,1600885,5446853,Motueka
GW 24314,1599356,5445824,Motueka
GW 24315,1601282,5448068,Motueka
GW 24316,1601550,5448936,Motueka
GW 24317,1601471,5448929,Motueka
GW 24318,1601814,5448900,Motueka
GW 24319,1602396,5448878,Motueka
GW 24320,1600781,5448650,Motueka
GW 24321,1597525,5450565,Motueka
GW 24322,1600711,5449190,Motueka
GW 24323,1600665,5449197,Motueka
GW 24324,1600605,5449215,Motueka
GW 24325,1601280,5450100,Motueka
GW 24326,1599469,5447318,Motueka
GW 24327,1601976,5450452,Motueka
GW 24328,1601709,5448682,Motueka
GW 24329,1601021,5448780,Motueka
GW 24330,1598189,5448463,Motueka
GW 24331,1600124,5445891,Motueka
GW 24332,1600564,5449622,Motueka
GW 24333,1601222,5448765,Motueka
GW 24334,1601562,5448474,Motueka
GW 24342,1601328,5448756,Motueka
GW 24344,1601018,5450399,Motueka
GW 24345,1597502,5449342,Motueka
GW 24346,1601546,5448845,Motueka
GW 24347,1600975,5447380,Motueka
GW 24348,1601015,5447354,Motueka
GW 24350,1600244,5449406,Motueka
GW 24359,1600925,5448168,Motueka
GW 24366,1598332,5446908,Motueka
GW 24379,1586168,5412059,Motueka
GW 24388,1573443,5505755,Aorere
GW 24395,1567467,5510522,Aorere
GW 24400,1569285,5492464,Aorere
GW 24402,1573266,5507815,Aorere
GW 24406,1601005,5433133,Moutere
GW 24407,1569445,5497096,Aorere
GW 24408,1569727,5495072,Aorere
GW 24409,1568295,5494679,Aorere
GW 24410,1565738,5492483,Aorere
GW 24412,1577404,5513839,Aorere
GW 24415,1609834,5425043,Waimea
GW 24419,1577913,5514797,Aorere
GW 24420,1563057,5487062,Aorere
GW 24421,1563187,5487154,Aorere
GW 24422,1570938,5497737,Aorere
GW 24427,1585596,5422831,Motueka
GW 24429,1581869,5474237,Takaka
GW 24431 - Swamp Rd,1569522,5497100,Aorere
GW 24432 - Wigzell Rd,1568545,5494792,Aorere
GW 24433 - Kaituna,1567170,5493664,Aorere
GW 24434,1608288,5423124,Waimea
GW 24512,1590147,5439671,Motueka
GW 24513,1596486,5440749,Moutere
GW 24543,1585764,5447353,Riwaka
GW 24544,1595991,5447061,Motueka
GW 24545,1596076,5447242,Motueka
GW 24546,1595677,5447027,Motueka
GW 24549,1596965,5447896,Motueka
GW 24555,1559090,5349700,Buller
GW 24559,1591607,5442104,Motueka
GW 24564,1603973,5432106,Moutere
GW 24574,1584790,5478955,Takaka
GW 24577,1596659,5448487,Motueka
GW 24581,1598168,5435466,Moutere
GW 24611,1601930,5448854,Motueka
GW 24625,1579077,5412087,Motueka
GW 24626,1583685,5425162,Motueka
GW 24627,1576826,5412723,Motueka
GW 24640,1581996,5424331,Motueka
GW 24642,1581787,5413380,Motueka
GW 24643,1586427,5409057,Motueka
GW 24671,1608715,5424964,Waimea
GW 24672,1608816,5424531,Waimea
GW 24677,1584595,5475037,Takaka
GW 247 - Hinton,1605872,5417707,Waimea
GW 2500,1599564,5444412,Motueka
GW 2502,1599510,5445036,Motueka
GW 2506 - Ngati Raru Shed,1599524,5449061,Motueka
GW 2535 - Crosbie,1599754,5446562,Motueka
GW 2536,1601177,5448223,Motueka
GW 2544 - Mot Rec Centre,1601174,5447594,Motueka
GW 255 - E Rabbit Island,1615976,5429311,Waimea
GW 2555 - Wildmans Rd,1600674,5446288,Motueka
GW 2556,1599024,5452650,Motueka
GW 2567,1599408,5452554,Motueka
GW 2568,1597529,5450209,Motueka
GW 258,1612186,5426669,Waimea
GW 26,1613015,5424525,Waimea
GW 2602 - Golf Course,1602363,5449091,Motueka
GW 261,1612206,5426325,Waimea
GW 2611.2,1600733,5446342,Motueka
GW 2612,1600851,5446306,Motueka
GW 2614 - Fernwood,1600769,5446324,Motueka
GW 2630,1599445,5451117,Motueka
GW 264,1611661,5426005,Waimea
GW 265,1611837,5425804,Waimea
GW 27,1612892,5424531,Waimea
GW 27.1,1612889,5424533,Waimea
GW 270,1611998,5427771,Waimea
GW 274,1611269,5425658,Waimea
GW 280,1610475,5428441,Waimea
GW 285,1609826,5428046,Waimea
GW 3,1611883,5427842,Waimea
GW 3023,1599679,5447940,Motueka
GW 3028,1599256,5446468,Motueka
GW 3038,1599284,5445162,Motueka
GW 3039,1599177,5445211,Motueka
GW 3040,1599183,5445209,Motueka
GW 3046 - Wildmans Rd,1600630,5446254,Motueka
GW 3051,1600313,5445992,Motueka
GW 3052,1600645,5446229,Motueka
GW 3056,1598631,5446061,Motueka
GW 3061,1597015,5447978,Motueka
GW 3065,1597914,5448561,Motueka
GW 3071,1598584,5448661,Motueka
GW 3073,1598681,5447992,Motueka
GW 3086,1599263,5448409,Motueka
GW 3087,1600454,5452440,Motueka
GW 3096,1600204,5451670,Motueka
GW 3098,1599414,5450970,Motueka
GW 3107,1600255,5451320,Motueka
GW 3111,1598784,5451010,Motueka
GW 3115 - Drummond,1599189,5451291,Motueka
GW 3117,1598974,5451380,Motueka
GW 312,1609048,5422706,Waimea
GW 3127,1597355,5450041,Motueka
GW 3131,1598161,5451494,Motueka
GW 3143,1598857,5452016,Motueka
GW 3147,1597685,5450656,Motueka
GW 315,1608678,5425100,Waimea
GW 3151,1597858,5451069,Motueka
GW 3158,1598664,5453639,Riwaka
GW 3159,1598714,5446712,Motueka
GW 3163,1599727,5445716,Motueka
GW 3171,1600764,5448916,Motueka
GW 3172,1597965,5453544,Riwaka
GW 3173,1600493,5448536,Motueka
GW 3175,1599649,5448424,Motueka
GW 3186,1599624,5445312,Motueka
GW 3188,1598514,5446792,Motueka
GW 3189,1598513,5447179,Motueka
GW 319,1608829,5426148,Waimea
GW 32 - TDC,1613959,5425351,Waimea
GW 3216 - Ngati Raru,1599940,5448817,Motueka
GW 3217 - McGaverston,1598294,5447931,Motueka
GW 3236,1599463,5447104,Motueka
GW 3263,1601155,5447358,Motueka
GW 3264,1601533,5449671,Motueka
GW 327,1609596,5427451,Waimea
GW 3271,1601870,5450144,Motueka
GW 330,1609167,5425563,Waimea
GW 3304,1597265,5448841,Motueka
GW 3310,1599999,5452684,Motueka
GW 3317,1601533,5449950,Motueka
GW 3321,1599874,5451290,Motueka
GW 3335,1600333,5447009,Motueka
GW 3339,1599814,5453739,Riwaka
GW 3343,1597751,5451393,Motueka
GW 3345 - Hops Pump Shed,1600164,5449890,Motueka
GW 3350,1597737,5451061,Motueka
GW 3355,1600137,5445666,Motueka
GW 3356,1599953,5445383,Motueka
GW 3359,1600690,5446301,Motueka
GW 3366,1602163,5448141,Motueka
GW 337,1613320,5425798,Waimea
GW 3373,1600800,5447377,Motueka
GW 3380,1600848,5448265,Motueka
GW 3390,1599364,5454139,Riwaka
GW 3393 - Kildrummy,1599978,5446169,Motueka
GW 3394 - Fearon Bush,1601181,5449631,Motueka
GW 3395,1599894,5448411,Motueka
GW 3396,1599978,5446171,Motueka
GW 3398,1599835,5446112,Motueka
GW 340,1610882,5423606,Waimea
GW 3402,1598460,5452629,Motueka
GW 3409,1601149,5447290,Motueka
GW 3421,1601645,5447533,Motueka
GW 3426,1600865,5448496,Motueka
GW 3428,1601393,5447728,Motueka
GW 3444,1600557,5460877,Marahau
GW 3445,1600808,5460721,Marahau
GW 3446,1600355,5461148,Marahau
GW 3447,1600394,5461096,Marahau
GW 3451,1600164,5445842,Motueka
GW 3453 - Bloomfield,1600234,5461716,Marahau
GW 3454,1600514,5460786,Marahau
GW 3457,1600164,5461806,Marahau
GW 3460,1600334,5461136,Marahau
GW 3461,1600454,5460886,Marahau
GW 3463,1600764,5460871,Marahau
GW 3465,1600752,5460701,Marahau
GW 3467,1600736,5460466,Marahau
GW 3469,1600154,5461636,Marahau
GW 3470,1600486,5460923,Marahau
GW 3471,1600662,5460840,Marahau
GW 3472,1600726,5460595,Marahau
GW 3474,1600374,5460986,Marahau
GW 3475,1600284,5461836,Marahau
GW 3478,1599723,5445715,Motueka
GW 3480,1597246,5449178,Motueka
GW 3481,1600284,5461767,Marahau
GW 3482,1600636,5460862,Marahau
GW 350,1610148,5421582,Waimea
GW 3501,1601459,5448827,Motueka
GW 361,1610444,5418214,Waimea
GW 37 - Gardner,1611852,5423288,Waimea
GW 375 - Halls 2,1608077,5421649,Waimea
GW 385,1607782,5420198,Waimea
GW 39,1611630,5422916,Waimea
GW 396,1610105,5420548,Waimea
GW 4096,1601417,5448670,Motueka
GW 41,1611372,5422737,Waimea
GW 4109,1601941,5448938,Motueka
GW 411,1607104,5418670,Waimea
GW 414,1606461,5417269,Waimea
GW 4140,1600401,5451835,Motueka
GW 417 - Spring Grove,1605969,5417581,Waimea
GW 45,1613358,5422999,Waimea
GW 4508,1583680,5417178,Motueka
GW 4525,1579715,5412798,Motueka
GW 4534,1578081,5407035,Motueka
GW 4547,1586842,5415200,Motueka
GW 455,1610606,5420341,Waimea
GW 4551,1583830,5409294,Motueka
GW 4555,1585518,5417591,Motueka
GW 4560,1584516,5420054,Motueka
GW 4564,1583359,5422609,Motueka
GW 4567,1582947,5421221,Motueka
GW 4568,1583190,5423425,Motueka
GW 4569,1585890,5409509,Motueka
GW 4570,1585673,5410916,Motueka
GW 4592,1586636,5414321,Motueka
GW 4595,1584365,5410344,Motueka
GW 4607,1575449,5417623,Motueka
GW 4612,1584348,5418333,Motueka
GW 4614 - Norths Bridge,1586395,5408265,Motueka
GW 4615 - Quinney,1584662,5410480,Motueka
GW 4616 - Crimp,1585754,5411734,Motueka
GW 4617 - Hyatt,1585944,5415804,Motueka
GW 4619 - Vue Mount,1584103,5419172,Motueka
GW 4626,1586864,5415208,Motueka
GW 4631,1583125,5420716,Motueka
GW 4641,1584470,5417943,Motueka
GW 4650,1587446,5407175,Motueka
GW 4653,1583126,5388916,Motueka
GW 4659.4,1584790,5410446,Motueka
GW 4662 - Baigent,1586333,5411729,Motueka
GW 4664,1586814,5413888,Motueka
GW 471,1611795,5423098,Waimea
GW 474,1609632,5426060,Waimea
GW 476,1610008,5426155,Waimea
GW 4769,1584802,5418908,Motueka
GW 4777,1585978,5414123,Motueka
GW 4789,1593326,5443363,Motueka
GW 4797,1583085,5421465,Motueka
GW 494,1605013,5416696,Waimea
GW 499,1611465,5424805,Waimea
GW 50,1611830,5427949,Waimea
GW 500,1611551,5425000,Waimea
GW 5001,1572984,5503528,Aorere
GW 5008,1573850,5508008,Aorere
GW 5010.1,1571595,5495611,Aorere
GW 5019,1570791,5496935,Aorere
GW 502,1611692,5425158,Waimea
GW 5023,1573704,5506363,Aorere
GW 5027 - Le Comte,1569886,5497800,Aorere
GW 5029 - Davis,1573420,5506494,Aorere
GW 5031,1573471,5506850,Aorere
GW 5032,1573444,5505357,Aorere
GW 5034,1573471,5505431,Aorere
GW 5037,1573613,5505765,Aorere
GW 5039,1573612,5505834,Aorere
GW 5043,1573691,5506035,Aorere
GW 5046,1573719,5506271,Aorere
GW 5047,1573721,5506280,Aorere
GW 5048,1573727,5506293,Aorere
GW 5049,1573732,5506312,Aorere
GW 5052,1573709,5506353,Aorere
GW 5053,1573690,5506394,Aorere
GW 5054,1573439,5506814,Aorere
GW 5055,1573472,5506847,Aorere
GW 5063,1571221,5500848,Aorere
GW 508,1608227,5421572,Waimea
GW 5083,1563563,5487606,Aorere
GW 515,1608478,5427113,Waimea
GW 519,1608624,5426660,Waimea
GW 523,1611293,5423866,Waimea
GW 524,1611553,5425717,Waimea
GW 566,1611497,5423501,Waimea
GW 574,1610257,5423149,Waimea
GW 583,1611222,5424147,Waimea
GW 584,1606357,5418463,Waimea
GW 59,1612127,5420514,Waimea
GW 6005,1583330,5478789,Takaka
GW 6011 - Balls,1580412,5477719,Takaka
GW 6013 - Pupu Main Spring,1580464,5478079,Takaka
GW 6016,1583436,5480260,Takaka
GW 603,1608477,5424670,Waimea
GW 6101,1584520,5478649,Takaka
GW 6103,1584990,5479239,Takaka
GW 6106,1585661,5479315,Takaka
GW 6109,1586174,5479794,Takaka
GW 6113 - Jadine,1585136,5480441,Takaka
GW 6115,1585129,5480675,Takaka
GW 6117,1585341,5480560,Takaka
GW 6118,1585598,5480474,Takaka
GW 6209,1588429,5479704,Takaka
GW 6307,1584520,5477260,Takaka
GW 6314,1583660,5478320,Takaka
GW 6321 - Junction Hotel,1583586,5476670,Takaka
GW 6337.15,1582730,5478349,Takaka
GW 6337.22,1582984,5478320,Takaka
GW 6339 - TDC Office,1583724,5476979,Takaka
GW 6342 - Takaka Fire,1583672,5477057,Takaka
GW 6344,1583958,5478163,Takaka
GW 6347,1585850,5478193,Takaka
GW 6350,1585214,5477290,Takaka
GW 637,1610699,5428052,Waimea
GW 640,1609172,5423615,Waimea
GW 6423,1587508,5477191,Takaka
GW 6433 - Nalder,1585850,5478193,Takaka
GW 6434,1585784,5477355,Takaka
GW 644,1610863,5428879,Waimea
GW 646,1610229,5428851,Waimea
GW 6502,1583647,5475795,Takaka
GW 6506,1582841,5475781,Takaka
GW 6515,1581421,5474541,Takaka
GW 6530,1583713,5475350,Takaka
GW 6531 - Byrne,1583462,5474987,Takaka
GW 6534,1583709,5476706,Takaka
GW 6537,1583573,5474314,Takaka
GW 6539,1580578,5471099,Takaka
GW 654,1610076,5420019,Waimea
GW 6543,1583458,5474723,Takaka
GW 6544,1583486,5474150,Takaka
GW 6545,1583832,5475232,Takaka
GW 66,1610795,5421968,Waimea
GW 6601 - Central Takaka Water Bore,1584626,5474911,Takaka
GW 6605,1585000,5474151,Takaka
GW 661,1614548,5423504,Waimea
GW 6702,1585954,5473446,Takaka
GW 6710 - Hamama,1582237,5470509,Takaka
GW 6711,1582960,5472304,Takaka
GW 6713 - Savages,1582209,5471053,Takaka
GW 677,1609919,5425540,Waimea
GW 68,1611189,5421441,Waimea
GW 6802,1585549,5472472,Takaka
GW 6808,1585505,5470292,Takaka
GW 6812,1585681,5469159,Takaka
GW 6814,1585059,5468497,Takaka
GW 6816,1585020,5471482,Takaka
GW 6817,1585182,5470924,Takaka
GW 6819,1584960,5470133,Takaka
GW 6820,1585120,5469843,Takaka
GW 6821,1585070,5468889,Takaka
GW 6824,1585370,5472682,Takaka
GW 6830,1585640,5470345,Takaka
GW 6834,1584751,5472074,Takaka
GW 6835,1585867,5470223,Takaka
GW 6836,1584679,5469493,Takaka
GW 6912 - Sowmans,1585228,5465031,Takaka
GW 6913,1584980,5463156,Takaka
GW 692,1610895,5424200,Waimea
GW 7,1610911,5421374,Waimea
GW 700,1607859,5419881,Waimea
GW 7001,1574575,5490260,Takaka
GW 7008,1579449,5484961,Takaka
GW 7009,1579410,5484985,Takaka
GW 7010,1579381,5484992,Takaka
GW 7012,1579318,5485032,Takaka
GW 7013,1579303,5485040,Takaka
GW 7015,1579185,5484996,Takaka
GW 7016,1579202,5485004,Takaka
GW 7017,1579215,5484992,Takaka
GW 7018,1579240,5484958,Takaka
GW 7019,1579368,5484939,Takaka
GW 7020,1579378,5484939,Takaka
GW 7023,1579611,5484837,Takaka
GW 7024,1579626,5484842,Takaka
GW 7025,1579650,5484826,Takaka
GW 7027,1579870,5484785,Takaka
GW 7030,1574060,5491640,Aorere
GW 7031,1574177,5491438,Aorere
GW 7032,1574172,5491345,Aorere
GW 7033,1574030,5491868,Aorere
GW 723,1612630,5427393,Waimea
GW 765,1613722,5425172,Waimea
GW 768,1611136,5423599,Waimea
GW 8003,1598594,5443633,Moutere
GW 8011,1600133,5442293,Moutere
GW 8012,1598623,5441900,Moutere
GW 8014,1606700,5433576,Moutere
GW 8015,1601289,5436531,Moutere
GW 8018,1606503,5435956,Moutere
GW 802 - Waiwest,1611246,5426481,Waimea
GW 8028,1603740,5433005,Moutere
GW 8029,1603629,5432306,Moutere
GW 8031,1607307,5433695,Moutere
GW 8033,1602882,5433666,Moutere
GW 8034,1604977,5438955,Moutere
GW 8036,1600873,5436545,Moutere
GW 8038,1604112,5441771,Moutere
GW 8042,1597954,5441893,Moutere
GW 8043,1603139,5440195,Moutere
GW 8047,1605256,5432108,Moutere
GW 8050 - Wilsons Rd,1599532,5438806,Moutere
GW 8051,1600138,5442110,Moutere
GW 8054 - Middletons,1607560,5430487,Moutere
GW 8067,1603984,5432947,Moutere
GW 8073,1600825,5435433,Moutere
GW 8074,1594162,5440532,Motueka
GW 8076,1608617,5433734,Moutere
GW 8079,1600413,5434036,Moutere
GW 808,1599542,5413550,Waimea
GW 8080,1607334,5435218,Moutere
GW 8085,1594629,5440329,Motueka
GW 8086,1602858,5432283,Moutere
GW 8095,1602763,5433989,Moutere
GW 8102,1602469,5442455,Moutere
GW 8106,1602596,5433597,Moutere
GW 8111,1604918,5441003,Moutere
GW 8113,1606485,5432531,Moutere
GW 8117,1603241,5443417,Moutere
GW 8118,1602290,5443026,Moutere
GW 8122,1608607,5433945,Moutere
GW 8123,1604111,5431757,Moutere
GW 8126,1599508,5441455,Moutere
GW 8128,1600587,5434779,Moutere
GW 8129,1602854,5433167,Moutere
GW 8130,1604648,5438619,Moutere
GW 8133,1606118,5435673,Moutere
GW 8134,1604769,5441597,Moutere
GW 8142,1601775,5430297,Moutere
GW 8144,1604651,5432931,Moutere
GW 8146,1603244,5433190,Moutere
GW 8149,1606346,5437046,Moutere
GW 8156,1600607,5434457,Moutere
GW 8163,1600426,5429231,Moutere
GW 8165,1608348,5434028,Moutere
GW 8166,1595071,5430150,Moutere
GW 8175,1606413,5432462,Moutere
GW 8177,1604583,5438175,Moutere
GW 8180,1605339,5440799,Moutere
GW 8183,1602430,5433418,Moutere
GW 8185,1604257,5437407,Moutere
GW 8186,1600071,5441360,Moutere
GW 8187,1604261,5440178,Moutere
GW 8188,1604516,5432758,Moutere
GW 8189,1604060,5438192,Moutere
GW 8191,1600844,5435165,Moutere
GW 8193,1602482,5439997,Moutere
GW 8202,1604067,5437335,Moutere
GW 8204,1604309,5442193,Moutere
GW 8223,1598131,5441868,Moutere
GW 8224,1598264,5441684,Moutere
GW 8355,1597994,5441244,Moutere
GW 8363,1598604,5443204,Moutere
GW 8368,1600489,5437900,Moutere
GW 8369 - Tait,1605092,5440813,Moutere
GW 837,1596361,5410696,Waimea
GW 8385 - Kirks 2,1598934,5442023,Moutere
GW 8389,1605250,5431559,Moutere
GW 8402,1602724,5434486,Moutere
GW 8404 - Wrattens,1598704,5442843,Moutere
GW 8407 - Williams,1599141,5439685,Moutere
GW 841,1601048,5415333,Waimea
GW 8413 - Tait Old Bore,1605823,5436937,Moutere
GW 8424,1605400,5440686,Moutere
GW 8426,1605211,5440993,Moutere
GW 8427 - Rowling,1605303,5436027,Moutere
GW 8430 - Tait Spray Shed,1605957,5436362,Moutere
GW 850,1596817,5411507,Waimea
GW 853,1612448,5425765,Waimea
GW 866,1611486,5423762,Waimea
GW 885,1612202,5422578,Waimea
GW 887,1611643,5423274,Waimea
GW 888,1612135,5423063,Waimea
GW 901,1611145,5424271,Waimea
GW 908,1613225,5426297,Waimea
GW 910,1610426,5420649,Waimea
GW 914,1611798,5425755,Waimea
GW 921,1611737,5424556,Waimea
GW 924,1610339,5419270,Waimea
GW 926,1612219,5423673,Waimea
GW 928,1609051,5424547,Waimea
GW 931,1611074,5419309,Waimea
GW 938,1612444,5427279,Waimea
GW 944,1610379,5420164,Waimea
GW 965,1609796,5417959,Waimea
GW 968,1612256,5427396,Waimea
GW 974,1610717,5428284,Waimea
GW 975,1612860,5425749,Waimea
GW 98 - CW2,1609506,5426075,Waimea
GW 996,1612614,5422008,Waimea
GW 997 - McCliskies,1609013,5427614,Waimea
GW 998,1610422,5421077,Waimea
GW 999,1611892,5422998,Waimea
GW Challies Wetland Deep,1609877,5424410,Waimea
GW Challies Wetland Shallow,1609877,5424410,Waimea
GW Collingwood at La Comps (River well),1570026,5497770,Aorere
GW Fish Ck Spring TDC,1580500,5477883,Takaka
GW Fish Ck Spring WCO,1580498,5477906,Takaka
GW Frys Spring @ Lodder Lane,1600636,5451939,Motueka
GW Pupu Main Spring,1580495,5478098,Takaka
GW Pupu Springs @ Dancing Sands,1580535,5478072,Takaka
GW Spittal Spring,1585554,5466815,Takaka
GW Spring @ Frys,1600636,5451939,Motueka
GW Spring @ Thorp Fearon Cnr,1601794,5449536,Motueka
GW Spring 50m Fish Creek Spring,1580598,5477811,Takaka
GW Spring at Inglis,1600561,5452666,Motueka
GW Spring Brook Spring,1583578,5469074,Takaka
GW Spring drain @ Inglis Horticulture,1599931,5453599,Riwaka
GW Staples Spring @ Thorp St,1601482,5450683,Motueka
GW Staples St Spring at Culvert,1601446,5450724,Motueka
GW Thorp Spring @ Old Wharf Rd,1601482,5447644,Motueka
GW 3314 - Bensemann,1601854,5447711,Motueka
